[{
  "header": "YouTube",
  "title": "Watched hw_dungeoncrypt6o_h_en_110",
  "titleUrl": "https://www.youtube.com/watch?v\u003dnMo_AFTBFpA",
  "description": "Watched at 10:34 AM",
  "time": "2026-01-11T09:34:49.418Z",
  "products": ["YouTube"],
  "details": [{
    "name": "From Google Ads"
  }],
  "activityControls": ["Web \u0026 App Activity", "YouTube watch history", "YouTube search history"]
},{
  "header": "YouTube",
  "title": "Watched Bring your ideas to life with Base44",
  "titleUrl": "https://www.youtube.com/watch?v\u003dOugxDOargKI",
  "description": "Watched at 10:05 AM",
  "time": "2026-01-11T09:05:38.861Z",
  "products": ["YouTube"],
  "details": [{
    "name": "From Google Ads"
  }],
  "activityControls": ["Web \u0026 App Activity", "YouTube watch history", "YouTube search history"]
},{
  "header": "YouTube",
  "title": "Watched Einmal satt auf die Hand: BIG Toppings. BIG Taste. BIG Sensation. Von Wagner. ​",
  "titleUrl": "https://www.youtube.com/watch?v\u003dOr47Afc4Xqs",
  "description": "Watched at 10:05 AM",
  "time": "2026-01-11T09:05:32.534Z",
  "products": ["YouTube"],
  "details": [{
    "name": "From Google Ads"
  }],
  "activityControls": ["Web \u0026 App Activity", "YouTube watch history", "YouTube search history"]
},{
  "header": "YouTube",
  "title": "Watched 112 01 WKDA MixAndMatch Couple AT 15s WEB 16x9",
  "titleUrl": "https://www.youtube.com/watch?v\u003db_5JHDMyZV4",
  "description": "Watched at 9:00 AM",
  "time": "2026-01-11T08:00:52.644Z",
  "products": ["YouTube"],
  "details": [{
    "name": "From Google Ads"
  }],
  "activityControls": ["Web \u0026 App Activity", "YouTube watch history", "YouTube search history"]
},{
  "header": "YouTube",
  "title": "Watched Mit 26 Jahren pleite, heute Europas Moneycoach #1",
  "titleUrl": "https://www.youtube.com/watch?v\u003djYXf41BymV8",
  "description": "Watched at 9:00 AM",
  "time": "2026-01-11T08:00:39.034Z",
  "products": ["YouTube"],
  "details": [{
    "name": "From Google Ads"
  }],
  "activityControls": ["Web \u0026 App Activity", "YouTube watch history", "YouTube search history"]
},{
  "header": "YouTube",
  "title": "Searched for summer mix 2025",
  "titleUrl": "https://www.youtube.com/results?search_query\u003dsummer+mix+2025",
  "time": "2026-01-11T08:00:30.499Z",
  "products": ["YouTube"],
  "activityControls": ["YouTube search history"]
},{
  "header": "YouTube",
  "title": "Searched for movie trailer 2026",
  "titleUrl": "https://www.youtube.com/results?search_query\u003dmovie+trailer+2026",
  "time": "2026-01-11T07:58:59.017Z",
  "products": ["YouTube"],
  "activityControls": ["YouTube search history"]
},{
  "header": "YouTube",
  "title": "Watched Amazon Aktie  Hook 2   Workshop",
  "titleUrl": "https://www.youtube.com/watch?v\u003dvDL29ukJe2E",
  "description": "Watched at 8:52 AM",
  "time": "2026-01-11T07:52:40.057Z",
  "products": ["YouTube"],
  "details": [{
    "name": "From Google Ads"
  }],
  "activityControls": ["Web \u0026 App Activity", "YouTube watch history", "YouTube search history"]
},{
  "header": "YouTube",
  "title": "Watched Einfacher geht gesunde Ernährung nicht!",
  "titleUrl": "https://www.youtube.com/watch?v\u003dj3w7xSKIm8w",
  "description": "Watched at 8:46 AM",
  "time": "2026-01-11T07:46:25.688Z",
  "products": ["YouTube"],
  "details": [{
    "name": "From Google Ads"
  }],
  "activityControls": ["Web \u0026 App Activity", "YouTube watch history", "YouTube search history"]
},{
  "header": "YouTube",
  "title": "Watched Einfacher geht gesunde Ernährung nicht!",
  "titleUrl": "https://www.youtube.com/watch?v\u003dj3w7xSKIm8w",
  "description": "Watched at 9:47 AM",
  "time": "2026-01-05T08:47:13.768Z",
  "products": ["YouTube"],
  "details": [{
    "name": "From Google Ads"
  }],
  "activityControls": ["Web \u0026 App Activity", "YouTube watch history", "YouTube search history"]
},{
  "header": "YouTube",
  "title": "Watched FY25Q4 DC Individual AcrobatDC de de AnimMarketing VD 16X9 NA",
  "titleUrl": "https://www.youtube.com/watch?v\u003d9p16c8jT9MY",
  "description": "Watched at 9:19 AM",
  "time": "2026-01-04T08:19:23.084Z",
  "products": ["YouTube"],
  "details": [{
    "name": "From Google Ads"
  }],
  "activityControls": ["Web \u0026 App Activity", "YouTube watch history", "YouTube search history"]
},{
  "header": "YouTube",
  "title": "Searched for summer remix",
  "titleUrl": "https://www.youtube.com/results?search_query\u003dsummer+remix",
  "time": "2026-01-04T08:19:17.750Z",
  "products": ["YouTube"],
  "activityControls": ["YouTube search history"]
},{
  "header": "YouTube",
  "title": "Searched for trailer 2026",
  "titleUrl": "https://www.youtube.com/results?search_query\u003dtrailer+2026",
  "time": "2026-01-04T08:06:09.447Z",
  "products": ["YouTube"],
  "activityControls": ["YouTube search history"]
},{
  "header": "YouTube",
  "title": "Watched Einfacher geht gesunde Ernährung nicht!",
  "titleUrl": "https://www.youtube.com/watch?v\u003d9ONc6vpKsBs",
  "description": "Watched at 9:45 AM",
  "time": "2026-01-01T08:45:27.160Z",
  "products": ["YouTube"],
  "details": [{
    "name": "From Google Ads"
  }],
  "activityControls": ["Web \u0026 App Activity", "YouTube watch history", "YouTube search history"]
},{
  "header": "YouTube",
  "title": "Watched Alpina Tacho freischalten mit Carly 🔧 | Matthias Malmedie zeigt, wie’s geht!",
  "titleUrl": "https://www.youtube.com/watch?v\u003dOQ2swuxbsgk",
  "description": "Watched at 7:59 AM",
  "time": "2025-12-28T06:59:14.971Z",
  "products": ["YouTube"],
  "details": [{
    "name": "From Google Ads"
  }],
  "activityControls": ["Web \u0026 App Activity", "YouTube watch history", "YouTube search history"]
},{
  "header": "YouTube",
  "title": "Searched for hip hop lofi",
  "titleUrl": "https://www.youtube.com/results?search_query\u003dhip+hop+lofi",
  "time": "2025-12-28T06:59:07.145Z",
  "products": ["YouTube"],
  "activityControls": ["YouTube search history"]
},{
  "header": "YouTube",
  "title": "Watched Moxa: Industrial Cybersecurity Built for Uptime",
  "titleUrl": "https://www.youtube.com/watch?v\u003dgBh5CD8ZR7I",
  "description": "Watched at 7:20 AM",
  "time": "2025-12-28T06:20:34.692Z",
  "products": ["YouTube"],
  "details": [{
    "name": "From Google Ads"
  }],
  "activityControls": ["Web \u0026 App Activity", "YouTube watch history", "YouTube search history"]
},{
  "header": "YouTube",
  "title": "Watched AcrobatPro Generate Image Buy StartFreeTrial 16x9 DE",
  "titleUrl": "https://www.youtube.com/watch?v\u003dvkbNCH1xJm4",
  "description": "Watched at 6:44 AM",
  "time": "2025-12-28T05:44:55.098Z",
  "products": ["YouTube"],
  "details": [{
    "name": "From Google Ads"
  }],
  "activityControls": ["Web \u0026 App Activity", "YouTube watch history", "YouTube search history"]
},{
  "header": "YouTube",
  "title": "Watched YTCore 6s bumper noAudio",
  "titleUrl": "https://www.youtube.com/watch?v\u003dFJXcYxx3dyc",
  "description": "Watched at 3:10 PM",
  "time": "2025-12-27T14:10:44.982Z",
  "products": ["YouTube"],
  "details": [{
    "name": "From Google Ads"
  }],
  "activityControls": ["Web \u0026 App Activity", "YouTube watch history", "YouTube search history"]
},{
  "header": "YouTube",
  "title": "Watched WordPress Hosting | Hostinger.de",
  "titleUrl": "https://www.youtube.com/watch?v\u003dAqymdEPrHDU",
  "description": "Watched at 1:35 PM",
  "time": "2025-12-27T12:35:31.213Z",
  "products": ["YouTube"],
  "details": [{
    "name": "From Google Ads"
  }],
  "activityControls": ["Web \u0026 App Activity", "YouTube watch history", "YouTube search history"]
},{
  "header": "YouTube",
  "title": "Watched Shortened: Black Week PL 15s poziom v2",
  "titleUrl": "https://www.youtube.com/watch?v\u003d6z4D_N_TCk4",
  "description": "Watched at 7:25 AM",
  "time": "2025-12-27T06:25:01.508Z",
  "products": ["YouTube"],
  "details": [{
    "name": "From Google Ads"
  }],
  "activityControls": ["Web \u0026 App Activity", "YouTube watch history", "YouTube search history"]
},{
  "header": "YouTube",
  "title": "Watched Make your resume stand out 18s",
  "titleUrl": "https://www.youtube.com/watch?v\u003dOQVBgkGxgUc",
  "description": "Watched at 1:32 PM",
  "time": "2025-12-26T12:32:13.122Z",
  "products": ["YouTube"],
  "details": [{
    "name": "From Google Ads"
  }],
  "activityControls": ["Web \u0026 App Activity", "YouTube watch history", "YouTube search history"]
},{
  "header": "YouTube",
  "title": "Watched Coca-Cola | Xmas | Feiertage kommen – Lena Schaur | AT |  15s | 16x9",
  "titleUrl": "https://www.youtube.com/watch?v\u003dbppr6w9BxxY",
  "description": "Watched at 1:31 PM",
  "time": "2025-12-26T12:31:57.638Z",
  "products": ["YouTube"],
  "details": [{
    "name": "From Google Ads"
  }],
  "activityControls": ["Web \u0026 App Activity", "YouTube watch history", "YouTube search history"]
},{
  "header": "YouTube",
  "title": "Watched Bring your ideas to life with Base44",
  "titleUrl": "https://www.youtube.com/watch?v\u003dOugxDOargKI",
  "description": "Watched at 8:22 AM",
  "time": "2025-12-26T07:22:57.772Z",
  "products": ["YouTube"],
  "details": [{
    "name": "From Google Ads"
  }],
  "activityControls": ["Web \u0026 App Activity", "YouTube watch history", "YouTube search history"]
},{
  "header": "YouTube",
  "title": "Watched Effortless Focus with Brain.fm",
  "titleUrl": "https://www.youtube.com/watch?v\u003dJbpkpyw3Kss",
  "description": "Watched at 7:22 AM",
  "time": "2025-12-25T06:22:30.008Z",
  "products": ["YouTube"],
  "details": [{
    "name": "From Google Ads"
  }],
  "activityControls": ["Web \u0026 App Activity", "YouTube watch history", "YouTube search history"]
},{
  "header": "YouTube",
  "title": "Watched Coca-Cola | Xmas | Feiertage kommen | AT | 15s | 16x9",
  "titleUrl": "https://www.youtube.com/watch?v\u003dM1Jq9YpRbOQ",
  "description": "Watched at 7:22 AM",
  "time": "2025-12-25T06:22:14.748Z",
  "products": ["YouTube"],
  "details": [{
    "name": "From Google Ads"
  }],
  "activityControls": ["Web \u0026 App Activity", "YouTube watch history", "YouTube search history"]
},{
  "header": "YouTube",
  "title": "Watched Macht\u0027s Knut alte Möbel! Knut Smårt Sale bei IKEA (30\u0027\u0027)",
  "titleUrl": "https://www.youtube.com/watch?v\u003duUg8n2SK-S8",
  "description": "Watched at 12:25 PM",
  "time": "2025-12-24T11:25:01.053Z",
  "products": ["YouTube"],
  "details": [{
    "name": "From Google Ads"
  }],
  "activityControls": ["Web \u0026 App Activity", "YouTube watch history", "YouTube search history"]
},{
  "header": "YouTube",
  "title": "Watched Effortless Focus with Brain.fm",
  "titleUrl": "https://www.youtube.com/watch?v\u003dJbpkpyw3Kss",
  "description": "Watched at 12:24 PM\nWatched at 8:05 AM",
  "time": "2025-12-24T11:24:26.633Z",
  "products": ["YouTube"],
  "details": [{
    "name": "From Google Ads"
  }],
  "activityControls": ["Web \u0026 App Activity", "YouTube watch history", "YouTube search history"]
},{
  "header": "YouTube",
  "title": "Searched for hip hop lofi",
  "titleUrl": "https://www.youtube.com/results?search_query\u003dhip+hop+lofi",
  "time": "2025-12-24T07:05:02.937Z",
  "products": ["YouTube"],
  "activityControls": ["YouTube search history"]
},{
  "header": "YouTube",
  "title": "Watched Mit unseren Super Deals gibt’s täglich bis zu -30 % Rabatt auf die besten Speisen in Österreich.",
  "titleUrl": "https://www.youtube.com/watch?v\u003dcj-GmvDMjYo",
  "description": "Watched at 1:48 PM",
  "time": "2025-12-17T12:48:41.181Z",
  "products": ["YouTube"],
  "details": [{
    "name": "From Google Ads"
  }],
  "activityControls": ["Web \u0026 App Activity", "YouTube watch history", "YouTube search history"]
},{
  "header": "YouTube",
  "title": "Watched Trouble16 9",
  "titleUrl": "https://www.youtube.com/watch?v\u003dnwcIbXqnInY",
  "description": "Watched at 8:16 AM",
  "time": "2025-12-15T07:16:28.234Z",
  "products": ["YouTube"],
  "details": [{
    "name": "From Google Ads"
  }],
  "activityControls": ["Web \u0026 App Activity", "YouTube watch history", "YouTube search history"]
},{
  "header": "YouTube",
  "title": "Searched for peloton bike beats",
  "titleUrl": "https://www.youtube.com/results?search_query\u003dpeloton+bike+beats",
  "time": "2025-12-14T12:15:21.677Z",
  "products": ["YouTube"],
  "activityControls": ["YouTube search history"]
},{
  "header": "YouTube",
  "title": "Watched 20250811 digital brand holidays capsule giftbox hklum dmi germany videolandscape 15 no cta V2",
  "titleUrl": "https://www.youtube.com/watch?v\u003d_0GCYkhiaaA",
  "description": "Watched at 8:50 AM",
  "time": "2025-12-14T07:50:59.204Z",
  "products": ["YouTube"],
  "details": [{
    "name": "From Google Ads"
  }],
  "activityControls": ["Web \u0026 App Activity", "YouTube watch history", "YouTube search history"]
},{
  "header": "YouTube",
  "title": "Watched Reserved_T-BRA_VT-EAT_V-NA_CU18_DI00_INF-00_L-DE_LV2_6Brand_vT",
  "titleUrl": "https://www.youtube.com/watch?v\u003dz2XWKVFvUnc",
  "description": "Watched at 8:50 AM",
  "time": "2025-12-14T07:50:52.776Z",
  "products": ["YouTube"],
  "details": [{
    "name": "From Google Ads"
  }],
  "activityControls": ["Web \u0026 App Activity", "YouTube watch history", "YouTube search history"]
},{
  "header": "YouTube",
  "title": "Watched hw_multiplier37b_h_en_60",
  "titleUrl": "https://www.youtube.com/watch?v\u003dNrUiQ55usgQ",
  "description": "Watched at 7:54 AM",
  "time": "2025-12-06T06:54:25.919Z",
  "products": ["YouTube"],
  "details": [{
    "name": "From Google Ads"
  }],
  "activityControls": ["Web \u0026 App Activity", "YouTube watch history", "YouTube search history"]
},{
  "header": "YouTube",
  "title": "Searched for trailer 2026",
  "titleUrl": "https://www.youtube.com/results?search_query\u003dtrailer+2026",
  "time": "2025-12-06T06:54:10.091Z",
  "products": ["YouTube"],
  "activityControls": ["YouTube search history"]
},{
  "header": "YouTube",
  "title": "Watched Founder BFCM - 16x9 (YT101a)",
  "titleUrl": "https://www.youtube.com/watch?v\u003dLs5DzJj8ptw",
  "description": "Watched at 7:50 AM",
  "time": "2025-12-06T06:50:14.410Z",
  "products": ["YouTube"],
  "details": [{
    "name": "From Google Ads"
  }],
  "activityControls": ["Web \u0026 App Activity", "YouTube watch history", "YouTube search history"]
},{
  "header": "YouTube",
  "title": "Watched hw_multiplier36d_h_en_120",
  "titleUrl": "https://www.youtube.com/watch?v\u003ddM7LTEgXRhg",
  "description": "Watched at 5:20 PM",
  "time": "2025-12-02T16:20:08.531Z",
  "products": ["YouTube"],
  "details": [{
    "name": "From Google Ads"
  }],
  "activityControls": ["Web \u0026 App Activity", "YouTube watch history", "YouTube search history"]
},{
  "header": "YouTube",
  "title": "Searched for trailer 2026",
  "titleUrl": "https://www.youtube.com/results?search_query\u003dtrailer+2026",
  "time": "2025-12-02T16:11:50.227Z",
  "products": ["YouTube"],
  "activityControls": ["YouTube search history"]
},{
  "header": "YouTube",
  "title": "Watched Brain.fm Enters the Chat - Your Type-A Brain at 2pm",
  "titleUrl": "https://www.youtube.com/watch?v\u003diOd37YjQwoU",
  "description": "Watched at 8:52 AM",
  "time": "2025-12-01T07:52:29.685Z",
  "products": ["YouTube"],
  "details": [{
    "name": "From Google Ads"
  }],
  "activityControls": ["Web \u0026 App Activity", "YouTube watch history", "YouTube search history"]
},{
  "header": "YouTube",
  "title": "Watched Bring your ideas to life with Base44",
  "titleUrl": "https://www.youtube.com/watch?v\u003dOugxDOargKI",
  "description": "Watched at 8:51 AM",
  "time": "2025-12-01T07:51:35.882Z",
  "products": ["YouTube"],
  "details": [{
    "name": "From Google Ads"
  }],
  "activityControls": ["Web \u0026 App Activity", "YouTube watch history", "YouTube search history"]
},{
  "header": "YouTube",
  "title": "Searched for lofi",
  "titleUrl": "https://www.youtube.com/results?search_query\u003dlofi",
  "time": "2025-12-01T07:51:26.296Z",
  "products": ["YouTube"],
  "activityControls": ["YouTube search history"]
},{
  "header": "YouTube",
  "title": "Watched ClickUp - The Everything App for Work",
  "titleUrl": "https://www.youtube.com/watch?v\u003dkOjgLPQq17g",
  "description": "Watched at 7:50 AM",
  "time": "2025-11-30T06:50:07.601Z",
  "products": ["YouTube"],
  "details": [{
    "name": "From Google Ads"
  }],
  "activityControls": ["Web \u0026 App Activity", "YouTube watch history", "YouTube search history"]
},{
  "header": "YouTube",
  "title": "Watched DE_de_PEAK_2025_Social-video_16x9_6s_na_X-Cat-300_CH-8313707.mp4",
  "titleUrl": "https://www.youtube.com/watch?v\u003d3gdlkjrapV4",
  "description": "Watched at 12:27 PM",
  "time": "2025-11-25T11:27:27.945Z",
  "products": ["YouTube"],
  "details": [{
    "name": "From Google Ads"
  }],
  "activityControls": ["Web \u0026 App Activity", "YouTube watch history", "YouTube search history"]
},{
  "header": "YouTube",
  "title": "Watched Buch Ad Autor Reaktion",
  "titleUrl": "https://www.youtube.com/watch?v\u003dvUXRmDCNCmc",
  "description": "Watched at 12:55 PM",
  "time": "2025-11-03T11:55:27.795Z",
  "products": ["YouTube"],
  "details": [{
    "name": "From Google Ads"
  }],
  "activityControls": ["Web \u0026 App Activity", "YouTube watch history", "YouTube search history"]
},{
  "header": "YouTube",
  "title": "Searched for trailer 2025",
  "titleUrl": "https://www.youtube.com/results?search_query\u003dtrailer+2025",
  "time": "2025-11-02T08:16:47.241Z",
  "products": ["YouTube"],
  "activityControls": ["YouTube search history"]
},{
  "header": "YouTube",
  "title": "Searched for summer remix 2020",
  "titleUrl": "https://www.youtube.com/results?search_query\u003dsummer+remix+2020",
  "time": "2025-11-01T09:15:15.370Z",
  "products": ["YouTube"],
  "activityControls": ["YouTube search history"]
},{
  "header": "YouTube",
  "title": "Searched for summer remix 2021",
  "titleUrl": "https://www.youtube.com/results?search_query\u003dsummer+remix+2021",
  "time": "2025-11-01T09:00:46.582Z",
  "products": ["YouTube"],
  "activityControls": ["YouTube search history"]
},{
  "header": "YouTube",
  "title": "Searched for summer remix 2025",
  "titleUrl": "https://www.youtube.com/results?search_query\u003dsummer+remix+2025",
  "time": "2025-11-01T08:51:27.008Z",
  "products": ["YouTube"],
  "activityControls": ["YouTube search history"]
},{
  "header": "YouTube",
  "title": "Searched for remix 2025",
  "titleUrl": "https://www.youtube.com/results?search_query\u003dremix+2025",
  "time": "2025-11-01T08:51:13.609Z",
  "products": ["YouTube"],
  "activityControls": ["YouTube search history"]
},{
  "header": "YouTube",
  "title": "Searched for remic 2025",
  "titleUrl": "https://www.youtube.com/results?search_query\u003dremic+2025",
  "time": "2025-11-01T08:51:09.130Z",
  "products": ["YouTube"],
  "activityControls": ["YouTube search history"]
},{
  "header": "YouTube",
  "title": "Watched Head \u0026 Shoulders - Wassergymnastik 20s",
  "titleUrl": "https://www.youtube.com/watch?v\u003dB8HuSVTWhtM",
  "description": "Watched at 8:44 AM",
  "time": "2025-10-27T07:44:11.634Z",
  "products": ["YouTube"],
  "details": [{
    "name": "From Google Ads"
  }],
  "activityControls": ["Web \u0026 App Activity", "YouTube watch history", "YouTube search history"]
},{
  "header": "YouTube",
  "title": "Watched SEGMÜLLER TV Spot 100 Altea 16x9 20s",
  "titleUrl": "https://www.youtube.com/watch?v\u003dDdYsI9T1lU8",
  "description": "Watched at 8:43 AM",
  "time": "2025-10-27T07:43:51.261Z",
  "products": ["YouTube"],
  "details": [{
    "name": "From Google Ads"
  }],
  "activityControls": ["Web \u0026 App Activity", "YouTube watch history", "YouTube search history"]
},{
  "header": "YouTube",
  "title": "Searched for black swan makeup tutorial",
  "titleUrl": "https://www.youtube.com/results?search_query\u003dblack+swan+makeup+tutorial",
  "time": "2025-10-26T15:21:42.822Z",
  "products": ["YouTube"],
  "activityControls": ["YouTube search history"]
},{
  "header": "YouTube",
  "title": "Searched for movie trailer 2026",
  "titleUrl": "https://www.youtube.com/results?search_query\u003dmovie+trailer+2026",
  "time": "2025-10-20T09:41:16.159Z",
  "products": ["YouTube"],
  "activityControls": ["YouTube search history"]
},{
  "header": "YouTube",
  "title": "Searched for movie trailer 2025",
  "titleUrl": "https://www.youtube.com/results?search_query\u003dmovie+trailer+2025",
  "time": "2025-10-20T09:37:24.797Z",
  "products": ["YouTube"],
  "activityControls": ["YouTube search history"]
},{
  "header": "YouTube",
  "title": "Searched for a house of dynamite trailer",
  "titleUrl": "https://www.youtube.com/results?search_query\u003da+house+of+dynamite+trailer",
  "time": "2025-10-17T15:06:41.712Z",
  "products": ["YouTube"],
  "activityControls": ["YouTube search history"]
}]