[{
  "header": "YouTube",
  "title": "Watched Avicii, Dua Lipa, Coldplay, Martin Garrix \u0026 Kygo, The Chainsmokers Style - Summer Vibes #145",
  "titleUrl": "https://www.youtube.com/watch?v\u003dUrNm7c9eiu4",
  "subtitles": [{
    "name": "Ru Deep Radio",
    "url": "https://www.youtube.com/channel/UCopEUD22VBdNd80muYA7sYA"
  }],
  "time": "2026-01-11T09:34:55.239Z",
  "products": ["YouTube"],
  "activityControls": ["YouTube watch history"]
},{
  "header": "YouTube",
  "title": "Watched hw_dungeoncrypt6o_h_en_110",
  "titleUrl": "https://www.youtube.com/watch?v\u003dnMo_AFTBFpA",
  "description": "Watched at 10:34 AM",
  "time": "2026-01-11T09:34:49.418Z",
  "products": ["YouTube"],
  "details": [{
    "name": "From Google Ads"
  }],
  "activityControls": ["Web \u0026 App Activity", "YouTube watch history", "YouTube search history"]
},{
  "header": "YouTube",
  "title": "Viewed Ads On YouTube Homepage",
  "time": "2026-01-11T09:34:45.242Z",
  "products": ["YouTube"],
  "details": [{
    "name": "From Google Ads"
  }],
  "activityControls": ["Web \u0026 App Activity", "YouTube watch history"]
},{
  "header": "YouTube",
  "title": "Watched Tom Odell - Another Love (Lyrics)",
  "titleUrl": "https://www.youtube.com/watch?v\u003dJkj36B1YuDU",
  "subtitles": [{
    "name": "7clouds",
    "url": "https://www.youtube.com/channel/UCNqFDjYTexJDET3rPDrmJKg"
  }],
  "time": "2026-01-11T09:05:45.500Z",
  "products": ["YouTube"],
  "activityControls": ["YouTube watch history"]
},{
  "header": "YouTube",
  "title": "Watched Bring your ideas to life with Base44",
  "titleUrl": "https://www.youtube.com/watch?v\u003dOugxDOargKI",
  "description": "Watched at 10:05 AM",
  "time": "2026-01-11T09:05:38.861Z",
  "products": ["YouTube"],
  "details": [{
    "name": "From Google Ads"
  }],
  "activityControls": ["Web \u0026 App Activity", "YouTube watch history", "YouTube search history"]
},{
  "header": "YouTube",
  "title": "Watched Einmal satt auf die Hand: BIG Toppings. BIG Taste. BIG Sensation. Von Wagner. ​",
  "titleUrl": "https://www.youtube.com/watch?v\u003dOr47Afc4Xqs",
  "description": "Watched at 10:05 AM",
  "time": "2026-01-11T09:05:32.534Z",
  "products": ["YouTube"],
  "details": [{
    "name": "From Google Ads"
  }],
  "activityControls": ["Web \u0026 App Activity", "YouTube watch history", "YouTube search history"]
},{
  "header": "YouTube",
  "title": "Watched Mega Hits 2025 🌱 The Best Of Vocal Deep House Music Mix 2025 🌱 Summer Music Mix 2025 #4",
  "titleUrl": "https://www.youtube.com/watch?v\u003dN6DW31S_oyI",
  "subtitles": [{
    "name": "Helios Deep",
    "url": "https://www.youtube.com/channel/UCw527CsYYlcRVR3W2ywMV0A"
  }],
  "time": "2026-01-11T09:05:10.530Z",
  "products": ["YouTube"],
  "activityControls": ["YouTube watch history"]
},{
  "header": "YouTube",
  "title": "Watched 112 01 WKDA MixAndMatch Couple AT 15s WEB 16x9",
  "titleUrl": "https://www.youtube.com/watch?v\u003db_5JHDMyZV4",
  "description": "Watched at 9:00 AM",
  "time": "2026-01-11T08:00:52.644Z",
  "products": ["YouTube"],
  "details": [{
    "name": "From Google Ads"
  }],
  "activityControls": ["Web \u0026 App Activity", "YouTube watch history", "YouTube search history"]
},{
  "header": "YouTube",
  "title": "Watched Regretting You | Official Trailer (2025)- McKenna Grace, Mason Thames, Allison Williams, Dave Franco",
  "titleUrl": "https://www.youtube.com/watch?v\u003dqub8lZlVlho",
  "subtitles": [{
    "name": "Paramount Pictures",
    "url": "https://www.youtube.com/channel/UCF9imwPMSGz4Vq1NiTWCC7g"
  }],
  "time": "2026-01-11T07:59:15.265Z",
  "products": ["YouTube"],
  "activityControls": ["YouTube watch history"]
},{
  "header": "YouTube",
  "title": "Watched Avengers: Doomsday | Only in Theaters December 18, 2026",
  "titleUrl": "https://www.youtube.com/watch?v\u003dkH1XlwHQv9o",
  "subtitles": [{
    "name": "Marvel Entertainment",
    "url": "https://www.youtube.com/channel/UCvC4D8onUfXzvjTOM-dBfEA"
  }],
  "time": "2026-01-11T07:57:46.515Z",
  "products": ["YouTube"],
  "activityControls": ["YouTube watch history"]
},{
  "header": "YouTube",
  "title": "Watched Chillout Deep House Music Mix - Cozy Living Room Set | Relaxing Lounge Playlist",
  "titleUrl": "https://www.youtube.com/watch?v\u003dIrUX2hxVuEo",
  "subtitles": [{
    "name": "Flavour Trip",
    "url": "https://www.youtube.com/channel/UCoq2qlWgvvKJzW_hBkLIE8w"
  }],
  "time": "2026-01-11T07:52:46.661Z",
  "products": ["YouTube"],
  "activityControls": ["YouTube watch history"]
},{
  "header": "YouTube",
  "title": "Watched Amazon Aktie  Hook 2   Workshop",
  "titleUrl": "https://www.youtube.com/watch?v\u003dvDL29ukJe2E",
  "description": "Watched at 8:52 AM",
  "time": "2026-01-11T07:52:40.057Z",
  "products": ["YouTube"],
  "details": [{
    "name": "From Google Ads"
  }],
  "activityControls": ["Web \u0026 App Activity", "YouTube watch history", "YouTube search history"]
},{
  "header": "YouTube",
  "title": "Watched Agatha Christie’s Seven Dials | Official Trailer | Netflix",
  "titleUrl": "https://www.youtube.com/watch?v\u003dLD16F92LHIY",
  "subtitles": [{
    "name": "Netflix",
    "url": "https://www.youtube.com/channel/UCWOA1ZGywLbqmigxE4Qlvuw"
  }],
  "time": "2026-01-11T07:50:46.790Z",
  "products": ["YouTube"],
  "activityControls": ["YouTube watch history"]
},{
  "header": "YouTube",
  "title": "Viewed Ads On YouTube Homepage",
  "time": "2026-01-11T07:50:45.252Z",
  "products": ["YouTube"],
  "details": [{
    "name": "From Google Ads"
  }],
  "activityControls": ["Web \u0026 App Activity", "YouTube watch history"]
},{
  "header": "YouTube",
  "title": "Watched Einfacher geht gesunde Ernährung nicht!",
  "titleUrl": "https://www.youtube.com/watch?v\u003dj3w7xSKIm8w",
  "description": "Watched at 8:46 AM",
  "time": "2026-01-11T07:46:25.688Z",
  "products": ["YouTube"],
  "details": [{
    "name": "From Google Ads"
  }],
  "activityControls": ["Web \u0026 App Activity", "YouTube watch history", "YouTube search history"]
},{
  "header": "YouTube",
  "title": "Watched The Pitt Season 2 | Weeks Ahead Trailer | HBO Max",
  "titleUrl": "https://www.youtube.com/watch?v\u003dFwOKgnlaJNc",
  "subtitles": [{
    "name": "HBO Max",
    "url": "https://www.youtube.com/channel/UCx-KWLTKlB83hDI6UKECtJQ"
  }],
  "time": "2026-01-11T07:45:37.964Z",
  "products": ["YouTube"],
  "activityControls": ["YouTube watch history"]
},{
  "header": "YouTube",
  "title": "Viewed Ads On YouTube Homepage",
  "time": "2026-01-11T07:45:22.412Z",
  "products": ["YouTube"],
  "details": [{
    "name": "From Google Ads"
  }],
  "activityControls": ["Web \u0026 App Activity", "YouTube watch history"]
},{
  "header": "YouTube",
  "title": "Watched Relationship Goals - Official Trailer | Prime Video",
  "titleUrl": "https://www.youtube.com/watch?v\u003dTo87iNMhedU",
  "subtitles": [{
    "name": "Prime Video",
    "url": "https://www.youtube.com/channel/UCQJWtTnAHhEG5w4uN0udnUQ"
  }],
  "time": "2026-01-11T07:44:47.288Z",
  "products": ["YouTube"],
  "activityControls": ["YouTube watch history"]
},{
  "header": "YouTube",
  "title": "Watched Finding Her Edge | Official Trailer | Netflix",
  "titleUrl": "https://www.youtube.com/watch?v\u003dppZ3qgtFOME",
  "subtitles": [{
    "name": "Netflix",
    "url": "https://www.youtube.com/channel/UCWOA1ZGywLbqmigxE4Qlvuw"
  }],
  "time": "2026-01-11T07:43:43.971Z",
  "products": ["YouTube"],
  "activityControls": ["YouTube watch history"]
},{
  "header": "YouTube",
  "title": "Watched Lofi Work Space 📂 Deep Focus Study/Work Concentration [chill lo-fi hip hop beats]",
  "titleUrl": "https://www.youtube.com/watch?v\u003dQ89Dzox4jAE",
  "subtitles": [{
    "name": "𝗖𝗛𝗜𝗟𝗟 𝗩𝗜𝗟𝗟𝗔𝗚𝗘",
    "url": "https://www.youtube.com/channel/UCsxTsDvh-xQnShEtN1M64zQ"
  }],
  "time": "2026-01-05T14:47:13.920Z",
  "products": ["YouTube"],
  "activityControls": ["YouTube watch history"]
},{
  "header": "YouTube",
  "title": "Watched Einfacher geht gesunde Ernährung nicht!",
  "titleUrl": "https://www.youtube.com/watch?v\u003dj3w7xSKIm8w",
  "description": "Watched at 9:47 AM",
  "time": "2026-01-05T08:47:13.768Z",
  "products": ["YouTube"],
  "details": [{
    "name": "From Google Ads"
  }],
  "activityControls": ["Web \u0026 App Activity", "YouTube watch history", "YouTube search history"]
},{
  "header": "YouTube",
  "title": "Viewed Ads On YouTube Homepage",
  "time": "2026-01-05T08:47:10.738Z",
  "products": ["YouTube"],
  "details": [{
    "name": "From Google Ads"
  }],
  "activityControls": ["Web \u0026 App Activity", "YouTube watch history"]
},{
  "header": "YouTube",
  "title": "Watched Avicii, Dua Lipa, Coldplay, Martin Garrix \u0026 Kygo, The Chainsmokers Style - Summer Vibes #2",
  "titleUrl": "https://www.youtube.com/watch?v\u003dxfgBijPAR6s",
  "subtitles": [{
    "name": "Ru Deep Radio",
    "url": "https://www.youtube.com/channel/UCopEUD22VBdNd80muYA7sYA"
  }],
  "time": "2026-01-04T08:19:29.916Z",
  "products": ["YouTube"],
  "activityControls": ["YouTube watch history"]
},{
  "header": "YouTube",
  "title": "Watched FY25Q4 DC Individual AcrobatDC de de AnimMarketing VD 16X9 NA",
  "titleUrl": "https://www.youtube.com/watch?v\u003d9p16c8jT9MY",
  "description": "Watched at 9:19 AM",
  "time": "2026-01-04T08:19:23.084Z",
  "products": ["YouTube"],
  "details": [{
    "name": "From Google Ads"
  }],
  "activityControls": ["Web \u0026 App Activity", "YouTube watch history", "YouTube search history"]
},{
  "header": "YouTube",
  "title": "Watched Do Revenge | Official Trailer | Netflix",
  "titleUrl": "https://www.youtube.com/watch?v\u003drK-JQU_bShc",
  "subtitles": [{
    "name": "Netflix",
    "url": "https://www.youtube.com/channel/UCWOA1ZGywLbqmigxE4Qlvuw"
  }],
  "time": "2026-01-04T08:17:20.790Z",
  "products": ["YouTube"],
  "activityControls": ["YouTube watch history"]
},{
  "header": "YouTube",
  "title": "Watched Avengers: Doomsday Teaser Trailer #1 (2026)",
  "titleUrl": "https://www.youtube.com/watch?v\u003dpVPOa6_EfiA",
  "subtitles": [{
    "name": "Rotten Tomatoes Trailers",
    "url": "https://www.youtube.com/channel/UCi8e0iOVk1fEOogdfu4YgfA"
  }],
  "time": "2026-01-04T08:14:12Z",
  "products": ["YouTube"],
  "activityControls": ["YouTube watch history"]
},{
  "header": "YouTube",
  "title": "Watched Send Help | Official Trailer | In Theaters Jan 30",
  "titleUrl": "https://www.youtube.com/watch?v\u003dR4wiXj9NmEE",
  "subtitles": [{
    "name": "20th Century Studios",
    "url": "https://www.youtube.com/channel/UC2-BeLxzUBSs0uSrmzWhJuQ"
  }],
  "time": "2026-01-04T08:12:09.337Z",
  "products": ["YouTube"],
  "activityControls": ["YouTube watch history"]
},{
  "header": "YouTube",
  "title": "Watched HAMNET - Official Trailer [HD] - Only In Theaters This Thanksgiving",
  "titleUrl": "https://www.youtube.com/watch?v\u003dxYcgQMxQwmk",
  "subtitles": [{
    "name": "Focus Features",
    "url": "https://www.youtube.com/channel/UCU4SM3j_9TNWaSu8KdGV50g"
  }],
  "time": "2026-01-04T08:11:44.638Z",
  "products": ["YouTube"],
  "activityControls": ["YouTube watch history"]
},{
  "header": "YouTube",
  "title": "Watched Supergirl | Official Teaser Trailer",
  "titleUrl": "https://www.youtube.com/watch?v\u003dYqdAEdkHrwo",
  "subtitles": [{
    "name": "DC",
    "url": "https://www.youtube.com/channel/UCiifkYAs_bq1pt_zbNAzYGg"
  }],
  "time": "2026-01-04T08:10:12.407Z",
  "products": ["YouTube"],
  "activityControls": ["YouTube watch history"]
},{
  "header": "YouTube",
  "title": "Watched Disclosure Day | Official Teaser",
  "titleUrl": "https://www.youtube.com/watch?v\u003dUFe6NRgoXCM",
  "subtitles": [{
    "name": "Universal Pictures",
    "url": "https://www.youtube.com/channel/UCq0OueAsdxH6b8nyAspwViw"
  }],
  "time": "2026-01-04T08:08:12.403Z",
  "products": ["YouTube"],
  "activityControls": ["YouTube watch history"]
},{
  "header": "YouTube",
  "title": "Watched The Odyssey | Official Trailer",
  "titleUrl": "https://www.youtube.com/watch?v\u003dMzw2ttJD2qQ",
  "subtitles": [{
    "name": "Universal Pictures",
    "url": "https://www.youtube.com/channel/UCq0OueAsdxH6b8nyAspwViw"
  }],
  "time": "2026-01-04T08:06:14.637Z",
  "products": ["YouTube"],
  "activityControls": ["YouTube watch history"]
},{
  "header": "YouTube",
  "title": "Watched Someone Great | Official Trailer [HD] | Netflix",
  "titleUrl": "https://www.youtube.com/watch?v\u003dBBd9gcrj2Wk",
  "subtitles": [{
    "name": "Netflix",
    "url": "https://www.youtube.com/channel/UCWOA1ZGywLbqmigxE4Qlvuw"
  }],
  "time": "2026-01-04T08:03:47.819Z",
  "products": ["YouTube"],
  "activityControls": ["YouTube watch history"]
},{
  "header": "YouTube",
  "title": "Watched Easy Morning Jazz House Music Mix - Chill Coffee Brunch Playlist | Cozy Living Room Breakfast DJ Set",
  "titleUrl": "https://www.youtube.com/watch?v\u003daHTpHcokyX8",
  "subtitles": [{
    "name": "Flavour Trip",
    "url": "https://www.youtube.com/channel/UCoq2qlWgvvKJzW_hBkLIE8w"
  }],
  "time": "2026-01-01T10:20:41.233Z",
  "products": ["YouTube"],
  "activityControls": ["YouTube watch history"]
},{
  "header": "YouTube",
  "title": "Watched Sunset Deep House Music Mix in Swiss Alps | Vanlife, Cats, Cooking | No-AI",
  "titleUrl": "https://www.youtube.com/watch?v\u003d8-Tz-sH4U6w",
  "subtitles": [{
    "name": "Flavour Trip",
    "url": "https://www.youtube.com/channel/UCoq2qlWgvvKJzW_hBkLIE8w"
  }],
  "time": "2026-01-01T08:45:33.463Z",
  "products": ["YouTube"],
  "activityControls": ["YouTube watch history"]
},{
  "header": "YouTube",
  "title": "Watched Einfacher geht gesunde Ernährung nicht!",
  "titleUrl": "https://www.youtube.com/watch?v\u003d9ONc6vpKsBs",
  "description": "Watched at 9:45 AM",
  "time": "2026-01-01T08:45:27.160Z",
  "products": ["YouTube"],
  "details": [{
    "name": "From Google Ads"
  }],
  "activityControls": ["Web \u0026 App Activity", "YouTube watch history", "YouTube search history"]
},{
  "header": "YouTube",
  "title": "Watched Players | Official Trailer | Netflix",
  "titleUrl": "https://www.youtube.com/watch?v\u003d8gH6AEBwEAw",
  "subtitles": [{
    "name": "Netflix",
    "url": "https://www.youtube.com/channel/UCWOA1ZGywLbqmigxE4Qlvuw"
  }],
  "time": "2026-01-01T08:42:56.367Z",
  "products": ["YouTube"],
  "activityControls": ["YouTube watch history"]
},{
  "header": "YouTube",
  "title": "Watched Best of lofi hip hop 2021 ✨ [beats to relax/study to]",
  "titleUrl": "https://www.youtube.com/watch?v\u003dn61ULEU7CO0",
  "subtitles": [{
    "name": "Lofi Girl",
    "url": "https://www.youtube.com/channel/UCSJ4gkVC6NrvII8umztf0Ow"
  }],
  "time": "2025-12-28T06:59:23.012Z",
  "products": ["YouTube"],
  "activityControls": ["YouTube watch history"]
},{
  "header": "YouTube",
  "title": "Watched Alpina Tacho freischalten mit Carly 🔧 | Matthias Malmedie zeigt, wie’s geht!",
  "titleUrl": "https://www.youtube.com/watch?v\u003dOQ2swuxbsgk",
  "description": "Watched at 7:59 AM",
  "time": "2025-12-28T06:59:14.971Z",
  "products": ["YouTube"],
  "details": [{
    "name": "From Google Ads"
  }],
  "activityControls": ["Web \u0026 App Activity", "YouTube watch history", "YouTube search history"]
},{
  "header": "YouTube",
  "title": "Watched Chillout House Music Mix - Easy Morning Coffee Brunch",
  "titleUrl": "https://www.youtube.com/watch?v\u003d2sn5wnIIQy4",
  "subtitles": [{
    "name": "Flavour Trip",
    "url": "https://www.youtube.com/channel/UCoq2qlWgvvKJzW_hBkLIE8w"
  }],
  "time": "2025-12-28T06:20:41.172Z",
  "products": ["YouTube"],
  "activityControls": ["YouTube watch history"]
},{
  "header": "YouTube",
  "title": "Watched Moxa: Industrial Cybersecurity Built for Uptime",
  "titleUrl": "https://www.youtube.com/watch?v\u003dgBh5CD8ZR7I",
  "description": "Watched at 7:20 AM",
  "time": "2025-12-28T06:20:34.692Z",
  "products": ["YouTube"],
  "details": [{
    "name": "From Google Ads"
  }],
  "activityControls": ["Web \u0026 App Activity", "YouTube watch history", "YouTube search history"]
},{
  "header": "YouTube",
  "title": "Watched Soulful Romantic House Music Mix - Cozy Lunch Living Room DJ Set | Chill Relax Playlist",
  "titleUrl": "https://www.youtube.com/watch?v\u003d4VjTKbTcm90",
  "subtitles": [{
    "name": "Flavour Trip",
    "url": "https://www.youtube.com/channel/UCoq2qlWgvvKJzW_hBkLIE8w"
  }],
  "time": "2025-12-28T05:45:02.440Z",
  "products": ["YouTube"],
  "activityControls": ["YouTube watch history"]
},{
  "header": "YouTube",
  "title": "Watched AcrobatPro Generate Image Buy StartFreeTrial 16x9 DE",
  "titleUrl": "https://www.youtube.com/watch?v\u003dvkbNCH1xJm4",
  "description": "Watched at 6:44 AM",
  "time": "2025-12-28T05:44:55.098Z",
  "products": ["YouTube"],
  "details": [{
    "name": "From Google Ads"
  }],
  "activityControls": ["Web \u0026 App Activity", "YouTube watch history", "YouTube search history"]
},{
  "header": "YouTube",
  "title": "Watched YTCore 6s bumper noAudio",
  "titleUrl": "https://www.youtube.com/watch?v\u003dFJXcYxx3dyc",
  "description": "Watched at 3:10 PM",
  "time": "2025-12-27T14:10:44.982Z",
  "products": ["YouTube"],
  "details": [{
    "name": "From Google Ads"
  }],
  "activityControls": ["Web \u0026 App Activity", "YouTube watch history", "YouTube search history"]
},{
  "header": "YouTube",
  "title": "Watched Soulful Disco House Music Mix - Funky Afternoon Picnic",
  "titleUrl": "https://www.youtube.com/watch?v\u003d8XORpiffJgQ",
  "subtitles": [{
    "name": "Flavour Trip",
    "url": "https://www.youtube.com/channel/UCoq2qlWgvvKJzW_hBkLIE8w"
  }],
  "time": "2025-12-27T12:37:52.440Z",
  "products": ["YouTube"],
  "activityControls": ["YouTube watch history"]
},{
  "header": "YouTube",
  "title": "Watched Straight Male Friend - SNL",
  "titleUrl": "https://www.youtube.com/watch?v\u003dAA0PwmQMVG8",
  "subtitles": [{
    "name": "Saturday Night Live",
    "url": "https://www.youtube.com/channel/UCqFzWxSCi39LnW1JKFR3efg"
  }],
  "time": "2025-12-27T12:35:37.240Z",
  "products": ["YouTube"],
  "activityControls": ["YouTube watch history"]
},{
  "header": "YouTube",
  "title": "Watched WordPress Hosting | Hostinger.de",
  "titleUrl": "https://www.youtube.com/watch?v\u003dAqymdEPrHDU",
  "description": "Watched at 1:35 PM",
  "time": "2025-12-27T12:35:31.213Z",
  "products": ["YouTube"],
  "details": [{
    "name": "From Google Ads"
  }],
  "activityControls": ["Web \u0026 App Activity", "YouTube watch history", "YouTube search history"]
},{
  "header": "YouTube",
  "title": "Watched Chill House Music Mix \u0026 Outdoor Cooking In Cozy Cabin | Relaxing Flavour Trip Playlist",
  "titleUrl": "https://www.youtube.com/watch?v\u003duvyr43yhKB8",
  "subtitles": [{
    "name": "Flavour Trip",
    "url": "https://www.youtube.com/channel/UCoq2qlWgvvKJzW_hBkLIE8w"
  }],
  "time": "2025-12-27T06:25:07.671Z",
  "products": ["YouTube"],
  "activityControls": ["YouTube watch history"]
},{
  "header": "YouTube",
  "title": "Watched Shortened: Black Week PL 15s poziom v2",
  "titleUrl": "https://www.youtube.com/watch?v\u003d6z4D_N_TCk4",
  "description": "Watched at 7:25 AM",
  "time": "2025-12-27T06:25:01.508Z",
  "products": ["YouTube"],
  "details": [{
    "name": "From Google Ads"
  }],
  "activityControls": ["Web \u0026 App Activity", "YouTube watch history", "YouTube search history"]
},{
  "header": "YouTube",
  "title": "Watched Chill Lounge House Music Mix - Afterwork Poolside Barbecue",
  "titleUrl": "https://www.youtube.com/watch?v\u003dw-4S7vXHxd0",
  "subtitles": [{
    "name": "Flavour Trip",
    "url": "https://www.youtube.com/channel/UCoq2qlWgvvKJzW_hBkLIE8w"
  }],
  "time": "2025-12-26T12:32:20.453Z",
  "products": ["YouTube"],
  "activityControls": ["YouTube watch history"]
},{
  "header": "YouTube",
  "title": "Watched Make your resume stand out 18s",
  "titleUrl": "https://www.youtube.com/watch?v\u003dOQVBgkGxgUc",
  "description": "Watched at 1:32 PM",
  "time": "2025-12-26T12:32:13.122Z",
  "products": ["YouTube"],
  "details": [{
    "name": "From Google Ads"
  }],
  "activityControls": ["Web \u0026 App Activity", "YouTube watch history", "YouTube search history"]
},{
  "header": "YouTube",
  "title": "Watched Coca-Cola | Xmas | Feiertage kommen – Lena Schaur | AT |  15s | 16x9",
  "titleUrl": "https://www.youtube.com/watch?v\u003dbppr6w9BxxY",
  "description": "Watched at 1:31 PM",
  "time": "2025-12-26T12:31:57.638Z",
  "products": ["YouTube"],
  "details": [{
    "name": "From Google Ads"
  }],
  "activityControls": ["Web \u0026 App Activity", "YouTube watch history", "YouTube search history"]
},{
  "header": "YouTube",
  "title": "Watched Feel the Beat | Official Trailer | Netflix",
  "titleUrl": "https://www.youtube.com/watch?v\u003dPhLSDnxLp-M",
  "subtitles": [{
    "name": "Netflix",
    "url": "https://www.youtube.com/channel/UCWOA1ZGywLbqmigxE4Qlvuw"
  }],
  "time": "2025-12-26T12:30:17.931Z",
  "products": ["YouTube"],
  "activityControls": ["YouTube watch history"]
},{
  "header": "YouTube",
  "title": "Watched Soulful Disco House Music Mix - Funky Afternoon Picnic",
  "titleUrl": "https://www.youtube.com/watch?v\u003d8XORpiffJgQ",
  "subtitles": [{
    "name": "Flavour Trip",
    "url": "https://www.youtube.com/channel/UCoq2qlWgvvKJzW_hBkLIE8w"
  }],
  "time": "2025-12-26T09:27:57.320Z",
  "products": ["YouTube"],
  "activityControls": ["YouTube watch history"]
},{
  "header": "YouTube",
  "title": "Watched Slow Morning House Music Mix - Chill Funky Breakfast Playlist | Deep Relaxing Brunch Terrace DJ Set",
  "titleUrl": "https://www.youtube.com/watch?v\u003dC4sAzkqrRQ0",
  "subtitles": [{
    "name": "Flavour Trip",
    "url": "https://www.youtube.com/channel/UCoq2qlWgvvKJzW_hBkLIE8w"
  }],
  "time": "2025-12-26T07:23:03.776Z",
  "products": ["YouTube"],
  "activityControls": ["YouTube watch history"]
},{
  "header": "YouTube",
  "title": "Watched Bring your ideas to life with Base44",
  "titleUrl": "https://www.youtube.com/watch?v\u003dOugxDOargKI",
  "description": "Watched at 8:22 AM",
  "time": "2025-12-26T07:22:57.772Z",
  "products": ["YouTube"],
  "details": [{
    "name": "From Google Ads"
  }],
  "activityControls": ["Web \u0026 App Activity", "YouTube watch history", "YouTube search history"]
},{
  "header": "YouTube",
  "title": "Watched Bridgerton Season 4 | Official Trailer | Netflix",
  "titleUrl": "https://www.youtube.com/watch?v\u003dIqaXNwAzSmQ",
  "subtitles": [{
    "name": "Netflix",
    "url": "https://www.youtube.com/channel/UCWOA1ZGywLbqmigxE4Qlvuw"
  }],
  "time": "2025-12-26T07:20:07.740Z",
  "products": ["YouTube"],
  "activityControls": ["YouTube watch history"]
},{
  "header": "YouTube",
  "title": "Watched Best of lofi hip hop 2021 ✨ [beats to relax/study to]",
  "titleUrl": "https://www.youtube.com/watch?v\u003dn61ULEU7CO0",
  "subtitles": [{
    "name": "Lofi Girl",
    "url": "https://www.youtube.com/channel/UCSJ4gkVC6NrvII8umztf0Ow"
  }],
  "time": "2025-12-25T06:22:36.697Z",
  "products": ["YouTube"],
  "activityControls": ["YouTube watch history"]
},{
  "header": "YouTube",
  "title": "Watched Effortless Focus with Brain.fm",
  "titleUrl": "https://www.youtube.com/watch?v\u003dJbpkpyw3Kss",
  "description": "Watched at 7:22 AM",
  "time": "2025-12-25T06:22:30.008Z",
  "products": ["YouTube"],
  "details": [{
    "name": "From Google Ads"
  }],
  "activityControls": ["Web \u0026 App Activity", "YouTube watch history", "YouTube search history"]
},{
  "header": "YouTube",
  "title": "Watched Coca-Cola | Xmas | Feiertage kommen | AT | 15s | 16x9",
  "titleUrl": "https://www.youtube.com/watch?v\u003dM1Jq9YpRbOQ",
  "description": "Watched at 7:22 AM",
  "time": "2025-12-25T06:22:14.748Z",
  "products": ["YouTube"],
  "details": [{
    "name": "From Google Ads"
  }],
  "activityControls": ["Web \u0026 App Activity", "YouTube watch history", "YouTube search history"]
},{
  "header": "YouTube",
  "title": "Watched Best of lofi hip hop 2021 ✨ [beats to relax/study to]",
  "titleUrl": "https://www.youtube.com/watch?v\u003dn61ULEU7CO0",
  "subtitles": [{
    "name": "Lofi Girl",
    "url": "https://www.youtube.com/channel/UCSJ4gkVC6NrvII8umztf0Ow"
  }],
  "time": "2025-12-24T11:25:31.841Z",
  "products": ["YouTube"],
  "activityControls": ["YouTube watch history"]
},{
  "header": "YouTube",
  "title": "Watched Macht\u0027s Knut alte Möbel! Knut Smårt Sale bei IKEA (30\u0027\u0027)",
  "titleUrl": "https://www.youtube.com/watch?v\u003duUg8n2SK-S8",
  "description": "Watched at 12:25 PM",
  "time": "2025-12-24T11:25:01.053Z",
  "products": ["YouTube"],
  "details": [{
    "name": "From Google Ads"
  }],
  "activityControls": ["Web \u0026 App Activity", "YouTube watch history", "YouTube search history"]
},{
  "header": "YouTube",
  "title": "Watched Effortless Focus with Brain.fm",
  "titleUrl": "https://www.youtube.com/watch?v\u003dJbpkpyw3Kss",
  "description": "Watched at 12:24 PM\nWatched at 8:05 AM",
  "time": "2025-12-24T11:24:26.633Z",
  "products": ["YouTube"],
  "details": [{
    "name": "From Google Ads"
  }],
  "activityControls": ["Web \u0026 App Activity", "YouTube watch history", "YouTube search history"]
},{
  "header": "YouTube",
  "title": "Watched Irreplaceable You | Official Trailer [HD] | Netflix",
  "titleUrl": "https://www.youtube.com/watch?v\u003dLKnQVCCX8vU",
  "subtitles": [{
    "name": "Netflix",
    "url": "https://www.youtube.com/channel/UCWOA1ZGywLbqmigxE4Qlvuw"
  }],
  "time": "2025-12-24T07:03:07.762Z",
  "products": ["YouTube"],
  "activityControls": ["YouTube watch history"]
},{
  "header": "YouTube",
  "title": "Watched Trailer PRIMA FACIE",
  "titleUrl": "https://www.youtube.com/watch?v\u003dbsfos_wA0pc",
  "subtitles": [{
    "name": "Residenztheater",
    "url": "https://www.youtube.com/channel/UCw034AQAw0lrR4dJmb3rdfQ"
  }],
  "time": "2025-12-21T06:16:06.071Z",
  "products": ["YouTube"],
  "activityControls": ["YouTube watch history"]
},{
  "header": "YouTube",
  "title": "Watched lofi hip hop mix 📚 beats to relax/study to (Part 2)",
  "titleUrl": "https://www.youtube.com/watch?v\u003d8b3fqIBrNW0",
  "subtitles": [{
    "name": "Lofi Girl",
    "url": "https://www.youtube.com/channel/UCSJ4gkVC6NrvII8umztf0Ow"
  }],
  "time": "2025-12-17T12:48:47.924Z",
  "products": ["YouTube"],
  "activityControls": ["YouTube watch history"]
},{
  "header": "YouTube",
  "title": "Watched Mit unseren Super Deals gibt’s täglich bis zu -30 % Rabatt auf die besten Speisen in Österreich.",
  "titleUrl": "https://www.youtube.com/watch?v\u003dcj-GmvDMjYo",
  "description": "Watched at 1:48 PM",
  "time": "2025-12-17T12:48:41.181Z",
  "products": ["YouTube"],
  "details": [{
    "name": "From Google Ads"
  }],
  "activityControls": ["Web \u0026 App Activity", "YouTube watch history", "YouTube search history"]
},{
  "header": "YouTube",
  "title": "Watched The Drama | Official Teaser HD | A24",
  "titleUrl": "https://www.youtube.com/watch?v\u003dMkJYSkaygi4",
  "subtitles": [{
    "name": "A24",
    "url": "https://www.youtube.com/channel/UCuPivVjnfNo4mb3Oog_frZg"
  }],
  "time": "2025-12-17T12:46:58.874Z",
  "products": ["YouTube"],
  "activityControls": ["YouTube watch history"]
},{
  "header": "YouTube",
  "title": "Watched lofi hip hop radio 📚 beats to relax/study to",
  "titleUrl": "https://www.youtube.com/watch?v\u003djfKfPfyJRdk",
  "subtitles": [{
    "name": "Lofi Girl",
    "url": "https://www.youtube.com/channel/UCSJ4gkVC6NrvII8umztf0Ow"
  }],
  "time": "2025-12-15T07:16:35.152Z",
  "products": ["YouTube"],
  "activityControls": ["YouTube watch history"]
},{
  "header": "YouTube",
  "title": "Watched Trouble16 9",
  "titleUrl": "https://www.youtube.com/watch?v\u003dnwcIbXqnInY",
  "description": "Watched at 8:16 AM",
  "time": "2025-12-15T07:16:28.234Z",
  "products": ["YouTube"],
  "details": [{
    "name": "From Google Ads"
  }],
  "activityControls": ["Web \u0026 App Activity", "YouTube watch history", "YouTube search history"]
},{
  "header": "YouTube",
  "title": "Watched HIS \u0026 HERS | Official Trailer | Netflix",
  "titleUrl": "https://www.youtube.com/watch?v\u003d8_szlvBLll0",
  "subtitles": [{
    "name": "Netflix",
    "url": "https://www.youtube.com/channel/UCWOA1ZGywLbqmigxE4Qlvuw"
  }],
  "time": "2025-12-15T07:14:44.794Z",
  "products": ["YouTube"],
  "activityControls": ["YouTube watch history"]
},{
  "header": "YouTube",
  "title": "Watched The Night Manager Season Two - Official Trailer | Prime Video",
  "titleUrl": "https://www.youtube.com/watch?v\u003d1LY1AJ48O0Y",
  "subtitles": [{
    "name": "Prime Video",
    "url": "https://www.youtube.com/channel/UCQJWtTnAHhEG5w4uN0udnUQ"
  }],
  "time": "2025-12-15T07:12:51.737Z",
  "products": ["YouTube"],
  "activityControls": ["YouTube watch history"]
},{
  "header": "YouTube",
  "title": "Watched PELOTON INSPIRED SPIN CLASS 5.0",
  "titleUrl": "https://www.youtube.com/watch?v\u003dAze4zkaQRlo",
  "subtitles": [{
    "name": "Ride With Alina",
    "url": "https://www.youtube.com/channel/UCbSfwHIgMnaINnkmDaFzqDw"
  }],
  "time": "2025-12-14T12:15:04.232Z",
  "products": ["YouTube"],
  "activityControls": ["YouTube watch history"]
},{
  "header": "YouTube",
  "title": "Watched lofi hip hop radio 📚 beats to relax/study to",
  "titleUrl": "https://www.youtube.com/watch?v\u003djfKfPfyJRdk",
  "subtitles": [{
    "name": "Lofi Girl",
    "url": "https://www.youtube.com/channel/UCSJ4gkVC6NrvII8umztf0Ow"
  }],
  "time": "2025-12-14T07:52:37.350Z",
  "products": ["YouTube"],
  "activityControls": ["YouTube watch history"]
},{
  "header": "YouTube",
  "title": "Watched Will Brings a Movie Star to Dinner (Hilarious Scene) | Notting Hill",
  "titleUrl": "https://www.youtube.com/watch?v\u003da2ZwSQCDhis",
  "subtitles": [{
    "name": "Popcorn Picks",
    "url": "https://www.youtube.com/channel/UCfbkraMQPT7l9d1yTYpDR1w"
  }],
  "time": "2025-12-14T07:51:05.145Z",
  "products": ["YouTube"],
  "activityControls": ["YouTube watch history"]
},{
  "header": "YouTube",
  "title": "Watched 20250811 digital brand holidays capsule giftbox hklum dmi germany videolandscape 15 no cta V2",
  "titleUrl": "https://www.youtube.com/watch?v\u003d_0GCYkhiaaA",
  "description": "Watched at 8:50 AM",
  "time": "2025-12-14T07:50:59.204Z",
  "products": ["YouTube"],
  "details": [{
    "name": "From Google Ads"
  }],
  "activityControls": ["Web \u0026 App Activity", "YouTube watch history", "YouTube search history"]
},{
  "header": "YouTube",
  "title": "Watched Reserved_T-BRA_VT-EAT_V-NA_CU18_DI00_INF-00_L-DE_LV2_6Brand_vT",
  "titleUrl": "https://www.youtube.com/watch?v\u003dz2XWKVFvUnc",
  "description": "Watched at 8:50 AM",
  "time": "2025-12-14T07:50:52.776Z",
  "products": ["YouTube"],
  "details": [{
    "name": "From Google Ads"
  }],
  "activityControls": ["Web \u0026 App Activity", "YouTube watch history", "YouTube search history"]
},{
  "header": "YouTube",
  "title": "Watched THE DUTCHMAN Official Trailer (2026) Kate Mara",
  "titleUrl": "https://www.youtube.com/watch?v\u003dEXV_WAKwGc4",
  "subtitles": [{
    "name": "Movie Trailers Source",
    "url": "https://www.youtube.com/channel/UCpJN7kiUkDrH11p0GQhLyFw"
  }],
  "time": "2025-12-06T06:54:32.274Z",
  "products": ["YouTube"],
  "activityControls": ["YouTube watch history"]
},{
  "header": "YouTube",
  "title": "Watched hw_multiplier37b_h_en_60",
  "titleUrl": "https://www.youtube.com/watch?v\u003dNrUiQ55usgQ",
  "description": "Watched at 7:54 AM",
  "time": "2025-12-06T06:54:25.919Z",
  "products": ["YouTube"],
  "details": [{
    "name": "From Google Ads"
  }],
  "activityControls": ["Web \u0026 App Activity", "YouTube watch history", "YouTube search history"]
},{
  "header": "YouTube",
  "title": "Watched Marvel Television’s Wonder Man | Official Trailer | Disney+",
  "titleUrl": "https://www.youtube.com/watch?v\u003dlgoxHC7WF9w",
  "subtitles": [{
    "name": "Marvel Entertainment",
    "url": "https://www.youtube.com/channel/UCvC4D8onUfXzvjTOM-dBfEA"
  }],
  "time": "2025-12-06T06:51:47.474Z",
  "products": ["YouTube"],
  "activityControls": ["YouTube watch history"]
},{
  "header": "YouTube",
  "title": "Watched The Engagement - SNL",
  "titleUrl": "https://www.youtube.com/watch?v\u003dNkZ2fguNNEc",
  "subtitles": [{
    "name": "Saturday Night Live",
    "url": "https://www.youtube.com/channel/UCqFzWxSCi39LnW1JKFR3efg"
  }],
  "time": "2025-12-06T06:50:32.797Z",
  "products": ["YouTube"],
  "activityControls": ["YouTube watch history"]
},{
  "header": "YouTube",
  "title": "Watched Founder BFCM - 16x9 (YT101a)",
  "titleUrl": "https://www.youtube.com/watch?v\u003dLs5DzJj8ptw",
  "description": "Watched at 7:50 AM",
  "time": "2025-12-06T06:50:14.410Z",
  "products": ["YouTube"],
  "details": [{
    "name": "From Google Ads"
  }],
  "activityControls": ["Web \u0026 App Activity", "YouTube watch history", "YouTube search history"]
},{
  "header": "YouTube",
  "title": "Watched Freiheitsgrade",
  "titleUrl": "https://www.youtube.com/watch?v\u003djXH1ly3Q87U",
  "subtitles": [{
    "name": "Wissen macht R!",
    "url": "https://www.youtube.com/channel/UCWkU8ipD9AgDXlO8VbT64SA"
  }],
  "time": "2025-12-04T08:59:39.842Z",
  "products": ["YouTube"],
  "activityControls": ["YouTube watch history"]
},{
  "header": "YouTube",
  "title": "Watched Intro_Stat_Aufbauseite",
  "titleUrl": "https://www.youtube.com/watch?v\u003dlig9JrKCPEE",
  "subtitles": [{
    "name": "Wissen macht R!",
    "url": "https://www.youtube.com/channel/UCWkU8ipD9AgDXlO8VbT64SA"
  }],
  "time": "2025-12-04T08:57:29.812Z",
  "products": ["YouTube"],
  "activityControls": ["YouTube watch history"]
},{
  "header": "YouTube",
  "title": "Watched Wicked Auditions - SNL",
  "titleUrl": "https://www.youtube.com/watch?v\u003dfkaeT-r8FLw",
  "subtitles": [{
    "name": "Saturday Night Live",
    "url": "https://www.youtube.com/channel/UCqFzWxSCi39LnW1JKFR3efg"
  }],
  "time": "2025-12-02T16:20:14.732Z",
  "products": ["YouTube"],
  "activityControls": ["YouTube watch history"]
},{
  "header": "YouTube",
  "title": "Watched hw_multiplier36d_h_en_120",
  "titleUrl": "https://www.youtube.com/watch?v\u003ddM7LTEgXRhg",
  "description": "Watched at 5:20 PM",
  "time": "2025-12-02T16:20:08.531Z",
  "products": ["YouTube"],
  "details": [{
    "name": "From Google Ads"
  }],
  "activityControls": ["Web \u0026 App Activity", "YouTube watch history", "YouTube search history"]
},{
  "header": "YouTube",
  "title": "Watched Ella McCay | Official Trailer | In Theaters December 12",
  "titleUrl": "https://www.youtube.com/watch?v\u003dhJYPGhJDjaU",
  "subtitles": [{
    "name": "20th Century Studios",
    "url": "https://www.youtube.com/channel/UC2-BeLxzUBSs0uSrmzWhJuQ"
  }],
  "time": "2025-12-02T16:18:17.148Z",
  "products": ["YouTube"],
  "activityControls": ["YouTube watch history"]
},{
  "header": "YouTube",
  "title": "Watched How to Make a Killing | Official Trailer HD | A24",
  "titleUrl": "https://www.youtube.com/watch?v\u003dBxBof_p3_es",
  "subtitles": [{
    "name": "A24",
    "url": "https://www.youtube.com/channel/UCuPivVjnfNo4mb3Oog_frZg"
  }],
  "time": "2025-12-02T16:16:31.721Z",
  "products": ["YouTube"],
  "activityControls": ["YouTube watch history"]
},{
  "header": "YouTube",
  "title": "Watched \"Wuthering Heights\" | Official Trailer",
  "titleUrl": "https://www.youtube.com/watch?v\u003d3fLCdIYShEQ",
  "subtitles": [{
    "name": "Warner Bros.",
    "url": "https://www.youtube.com/channel/UCjmJDM5pRKbUlVIzDYYWb6g"
  }],
  "time": "2025-12-02T16:14:33.669Z",
  "products": ["YouTube"],
  "activityControls": ["YouTube watch history"]
},{
  "header": "YouTube",
  "title": "Watched MOTHER MARY Trailer (2026) Anne Hathaway",
  "titleUrl": "https://www.youtube.com/watch?v\u003dHrbQLDy9-60",
  "subtitles": [{
    "name": "ONE Media Coverage",
    "url": "https://www.youtube.com/channel/UCwYzZs_hwA6NdaQp6Hjhe5w"
  }],
  "time": "2025-12-02T16:12:33.593Z",
  "products": ["YouTube"],
  "activityControls": ["YouTube watch history"]
},{
  "header": "YouTube",
  "title": "Watched The Devil Wears Prada 2 | Teaser Trailer",
  "titleUrl": "https://www.youtube.com/watch?v\u003d9c-DrMe8o5Q",
  "subtitles": [{
    "name": "20th Century Studios",
    "url": "https://www.youtube.com/channel/UC2-BeLxzUBSs0uSrmzWhJuQ"
  }],
  "time": "2025-12-02T16:10:58.919Z",
  "products": ["YouTube"],
  "activityControls": ["YouTube watch history"]
},{
  "header": "YouTube",
  "title": "Watched lofi hip hop radio 📚 beats to relax/study to",
  "titleUrl": "https://www.youtube.com/watch?v\u003djfKfPfyJRdk",
  "subtitles": [{
    "name": "Lofi Girl",
    "url": "https://www.youtube.com/channel/UCSJ4gkVC6NrvII8umztf0Ow"
  }],
  "time": "2025-12-01T13:51:38.355Z",
  "products": ["YouTube"],
  "activityControls": ["YouTube watch history"]
},{
  "header": "YouTube",
  "title": "Watched Brain.fm Enters the Chat - Your Type-A Brain at 2pm",
  "titleUrl": "https://www.youtube.com/watch?v\u003diOd37YjQwoU",
  "description": "Watched at 8:52 AM",
  "time": "2025-12-01T07:52:29.685Z",
  "products": ["YouTube"],
  "details": [{
    "name": "From Google Ads"
  }],
  "activityControls": ["Web \u0026 App Activity", "YouTube watch history", "YouTube search history"]
},{
  "header": "YouTube",
  "title": "Watched Bring your ideas to life with Base44",
  "titleUrl": "https://www.youtube.com/watch?v\u003dOugxDOargKI",
  "description": "Watched at 8:51 AM",
  "time": "2025-12-01T07:51:35.882Z",
  "products": ["YouTube"],
  "details": [{
    "name": "From Google Ads"
  }],
  "activityControls": ["Web \u0026 App Activity", "YouTube watch history", "YouTube search history"]
},{
  "header": "YouTube",
  "title": "Watched Black Friday Woche",
  "titleUrl": "https://www.youtube.com/watch?v\u003dIoBEi8t4M-c",
  "time": "2025-12-01T07:51:16.532Z",
  "products": ["YouTube"],
  "details": [{
    "name": "From Google Ads"
  }],
  "activityControls": ["Web \u0026 App Activity", "YouTube watch history"]
},{
  "header": "YouTube",
  "title": "Watched Morning Coffee ☕️ [lofi hip hop]",
  "titleUrl": "https://www.youtube.com/watch?v\u003d1fueZCTYkpA",
  "subtitles": [{
    "name": "Lofi Girl",
    "url": "https://www.youtube.com/channel/UCSJ4gkVC6NrvII8umztf0Ow"
  }],
  "time": "2025-11-30T06:50:30.094Z",
  "products": ["YouTube"],
  "activityControls": ["YouTube watch history"]
},{
  "header": "YouTube",
  "title": "Watched ClickUp - The Everything App for Work",
  "titleUrl": "https://www.youtube.com/watch?v\u003dkOjgLPQq17g",
  "description": "Watched at 7:50 AM",
  "time": "2025-11-30T06:50:07.601Z",
  "products": ["YouTube"],
  "details": [{
    "name": "From Google Ads"
  }],
  "activityControls": ["Web \u0026 App Activity", "YouTube watch history", "YouTube search history"]
},{
  "header": "YouTube",
  "title": "Watched Books are WRONG about her job 📚 Ep. 425 🪜",
  "titleUrl": "https://www.youtube.com/watch?v\u003d-Spih_X40vc",
  "subtitles": [{
    "name": "Max Klymenko",
    "url": "https://www.youtube.com/channel/UCisy6taOAeLfyaCqcMQDfig"
  }],
  "time": "2025-11-30T06:49:57.984Z",
  "products": ["YouTube"],
  "activityControls": ["YouTube watch history"]
},{
  "header": "YouTube",
  "title": "Watched The Hunger Games: Sunrise on the Reaping (2026) Official Teaser – Joseph Zada",
  "titleUrl": "https://www.youtube.com/watch?v\u003ddKSsF9Dtjtg",
  "subtitles": [{
    "name": "The Hunger Games",
    "url": "https://www.youtube.com/channel/UCjvqqA-Eogozfm244OhUESw"
  }],
  "time": "2025-11-25T11:27:34.306Z",
  "products": ["YouTube"],
  "activityControls": ["YouTube watch history"]
},{
  "header": "YouTube",
  "title": "Watched DE_de_PEAK_2025_Social-video_16x9_6s_na_X-Cat-300_CH-8313707.mp4",
  "titleUrl": "https://www.youtube.com/watch?v\u003d3gdlkjrapV4",
  "description": "Watched at 12:27 PM",
  "time": "2025-11-25T11:27:27.945Z",
  "products": ["YouTube"],
  "details": [{
    "name": "From Google Ads"
  }],
  "activityControls": ["Web \u0026 App Activity", "YouTube watch history", "YouTube search history"]
},{
  "header": "YouTube",
  "title": "Watched 2. HowTo add your current Affiliation on ORCID for CONNECTbyYERUN",
  "titleUrl": "https://www.youtube.com/watch?v\u003db8YvY_eKxpM",
  "subtitles": [{
    "name": "Maéva Vignes",
    "url": "https://www.youtube.com/channel/UCvkIVqyrZUQYfrqgn2gC-HA"
  }],
  "time": "2025-11-20T18:30:56.096Z",
  "products": ["YouTube"],
  "activityControls": ["YouTube watch history"]
},{
  "header": "YouTube",
  "title": "Watched 1. HowTo Register on ORCID for CONNECT by YERUN",
  "titleUrl": "https://www.youtube.com/watch?v\u003dPbmF4cuG8U4",
  "subtitles": [{
    "name": "Maéva Vignes",
    "url": "https://www.youtube.com/channel/UCvkIVqyrZUQYfrqgn2gC-HA"
  }],
  "time": "2025-11-20T18:30:30.131Z",
  "products": ["YouTube"],
  "activityControls": ["YouTube watch history"]
},{
  "header": "YouTube",
  "title": "Watched Soft Jazz Relaxing Music 🍁☕️ Cozy Autumn Coffee Shop Ambience with Rain Sounds to Work, Focus, Study",
  "titleUrl": "https://www.youtube.com/watch?v\u003dWEP5RV86r_M",
  "subtitles": [{
    "name": "Rain Rhythms",
    "url": "https://www.youtube.com/channel/UCtzO408JlpzeZMmCeCggyyQ"
  }],
  "time": "2025-11-11T13:43:46.731Z",
  "products": ["YouTube"],
  "activityControls": ["YouTube watch history"]
},{
  "header": "YouTube",
  "title": "Watched Creating your own personal rooms with GreenLight",
  "titleUrl": "https://www.youtube.com/watch?v\u003dHso8yLzkqj8",
  "subtitles": [{
    "name": "BigBlueButton",
    "url": "https://www.youtube.com/channel/UCYj1_2Q3HTWCAImvI6eZ0SA"
  }],
  "time": "2025-11-11T13:39:27.624Z",
  "products": ["YouTube"],
  "activityControls": ["YouTube watch history"]
},{
  "header": "YouTube",
  "title": "Watched Outdoor Cafe Shop Ambience \u0026 Peaceful October Fall Morning🍂Soft Piano Jazz Music for Working,Study",
  "titleUrl": "https://www.youtube.com/watch?v\u003d6srD6RSQ3qQ",
  "subtitles": [{
    "name": "Cozy Coffee Shop",
    "url": "https://www.youtube.com/channel/UCIWAwKP3_KcWned5aLqZHtw"
  }],
  "time": "2025-11-03T11:56:10.627Z",
  "products": ["YouTube"],
  "activityControls": ["YouTube watch history"]
},{
  "header": "YouTube",
  "title": "Watched Swiped | Official Trailer | Hulu",
  "titleUrl": "https://www.youtube.com/watch?v\u003dP_F0owXLcnM",
  "subtitles": [{
    "name": "Hulu",
    "url": "https://www.youtube.com/channel/UCE5mQnNl8Q4H2qcv4ikaXeA"
  }],
  "time": "2025-11-02T08:23:24.329Z",
  "products": ["YouTube"],
  "activityControls": ["YouTube watch history"]
},{
  "header": "YouTube",
  "title": "Watched RENTAL FAMILY | Official Trailer | Searchlight Pictures",
  "titleUrl": "https://www.youtube.com/watch?v\u003dn0pqP6ClcE8",
  "subtitles": [{
    "name": "SearchlightPictures",
    "url": "https://www.youtube.com/channel/UCor9rW6PgxSQ9vUPWQdnaYQ"
  }],
  "time": "2025-11-02T08:21:55.533Z",
  "products": ["YouTube"],
  "activityControls": ["YouTube watch history"]
},{
  "header": "YouTube",
  "title": "Watched Anniversary (2025) Official Trailer - Diane Lane, Kyle Chandler, Phoebe Dynevor, Dylan O\u0027Brien",
  "titleUrl": "https://www.youtube.com/watch?v\u003dUk6LhwvTYrE",
  "subtitles": [{
    "name": "Lionsgate Movies",
    "url": "https://www.youtube.com/channel/UCJ6nMHaJPZvsJ-HmUmj1SeA"
  }],
  "time": "2025-11-02T08:16:52.403Z",
  "products": ["YouTube"],
  "activityControls": ["YouTube watch history"]
},{
  "header": "YouTube",
  "title": "Watched October Autumn Morning at Outdoor Cafe Shop Ambience🍂Smooth Piano Jazz Music for Working,Great Mood",
  "titleUrl": "https://www.youtube.com/watch?v\u003drZ3ELR2Xt1c",
  "subtitles": [{
    "name": "Cozy Coffee Shop",
    "url": "https://www.youtube.com/channel/UCIWAwKP3_KcWned5aLqZHtw"
  }],
  "time": "2025-11-02T08:16:39.516Z",
  "products": ["YouTube"],
  "activityControls": ["YouTube watch history"]
},{
  "header": "YouTube",
  "title": "Watched IT: Welcome To Derry Final Trailer (2025) Official - New Comic-con Trailers 4K",
  "titleUrl": "https://www.youtube.com/watch?v\u003d9qRWOuXq_8s",
  "subtitles": [{
    "name": "MovieGasm‍․com",
    "url": "https://www.youtube.com/channel/UCwBV-eg1dAkzrdjqJfyEj0w"
  }],
  "time": "2025-11-02T08:15:12.397Z",
  "products": ["YouTube"],
  "activityControls": ["YouTube watch history"]
},{
  "header": "YouTube",
  "title": "Watched BUGONIA - Official Trailer [HD] - Only in Theaters October 24",
  "titleUrl": "https://www.youtube.com/watch?v\u003dbd_5HcTujfc",
  "subtitles": [{
    "name": "Focus Features",
    "url": "https://www.youtube.com/channel/UCU4SM3j_9TNWaSu8KdGV50g"
  }],
  "time": "2025-11-02T08:14:37.974Z",
  "products": ["YouTube"],
  "activityControls": ["YouTube watch history"]
},{
  "header": "YouTube",
  "title": "Watched Regretting You | Official Trailer (2025)- McKenna Grace, Mason Thames, Allison Williams, Dave Franco",
  "titleUrl": "https://www.youtube.com/watch?v\u003dqub8lZlVlho",
  "subtitles": [{
    "name": "Paramount Pictures",
    "url": "https://www.youtube.com/channel/UCF9imwPMSGz4Vq1NiTWCC7g"
  }],
  "time": "2025-11-02T08:12:21.483Z",
  "products": ["YouTube"],
  "activityControls": ["YouTube watch history"]
},{
  "header": "YouTube",
  "title": "Watched Good Fortune (2025) Official Trailer - Seth Rogen, Aziz Ansari, Keke Palmer, Keanu Reeves",
  "titleUrl": "https://www.youtube.com/watch?v\u003dZKWndx83RwQ",
  "subtitles": [{
    "name": "Lionsgate Movies",
    "url": "https://www.youtube.com/channel/UCJ6nMHaJPZvsJ-HmUmj1SeA"
  }],
  "time": "2025-11-02T08:09:49.998Z",
  "products": ["YouTube"],
  "activityControls": ["YouTube watch history"]
},{
  "header": "YouTube",
  "title": "Watched SHELL Trailer (2025) Elisabeth Moss, Kate Hudson",
  "titleUrl": "https://www.youtube.com/watch?v\u003duYJC_mEiAfU",
  "subtitles": [{
    "name": "ONE Media Coverage",
    "url": "https://www.youtube.com/channel/UCwYzZs_hwA6NdaQp6Hjhe5w"
  }],
  "time": "2025-11-02T08:08:00.700Z",
  "products": ["YouTube"],
  "activityControls": ["YouTube watch history"]
},{
  "header": "YouTube",
  "title": "Watched IS THIS THING ON? Trailer (2025) Bradley Cooper, Will Arnett",
  "titleUrl": "https://www.youtube.com/watch?v\u003d1FJZxPySIks",
  "subtitles": [{
    "name": "ONE Media",
    "url": "https://www.youtube.com/channel/UCzcRQ3vRNr6fJ1A9rqFn7QA"
  }],
  "time": "2025-11-02T08:06:37.792Z",
  "products": ["YouTube"],
  "activityControls": ["YouTube watch history"]
},{
  "header": "YouTube",
  "title": "Watched Roofman | Official Trailer (2025 Movie) - Channing Tatum, Kirsten Dunst",
  "titleUrl": "https://www.youtube.com/watch?v\u003dGXecSGmQDEI",
  "subtitles": [{
    "name": "Paramount Pictures",
    "url": "https://www.youtube.com/channel/UCF9imwPMSGz4Vq1NiTWCC7g"
  }],
  "time": "2025-11-02T08:06:02.443Z",
  "products": ["YouTube"],
  "activityControls": ["YouTube watch history"]
},{
  "header": "YouTube",
  "title": "Watched Avicii, Dua Lipa, Coldplay, Martin Garrix \u0026 Kygo, The Chainsmokers Style - Summer Vibes #2",
  "titleUrl": "https://www.youtube.com/watch?v\u003dxfgBijPAR6s",
  "subtitles": [{
    "name": "Ru Deep Radio",
    "url": "https://www.youtube.com/channel/UCopEUD22VBdNd80muYA7sYA"
  }],
  "time": "2025-11-01T09:15:26.940Z",
  "products": ["YouTube"],
  "activityControls": ["YouTube watch history"]
},{
  "header": "YouTube",
  "title": "Watched Summer Mix 2023 - Chillout Lounge Relaxing Deep House Music",
  "titleUrl": "https://www.youtube.com/watch?v\u003d8kVI621fZug",
  "subtitles": [{
    "name": "Shine Music",
    "url": "https://www.youtube.com/channel/UCz24srq31kr8CyNT-oN1Dqw"
  }],
  "time": "2025-11-01T09:00:57.813Z",
  "products": ["YouTube"],
  "activityControls": ["YouTube watch history"]
},{
  "header": "YouTube",
  "title": "Watched Mega Hits 2025 🌱 The Best Of Vocal Deep House Music Mix 2025 🌱 Summer Music Mix 2025 #4",
  "titleUrl": "https://www.youtube.com/watch?v\u003dN6DW31S_oyI",
  "subtitles": [{
    "name": "Helios Deep",
    "url": "https://www.youtube.com/channel/UCw527CsYYlcRVR3W2ywMV0A"
  }],
  "time": "2025-11-01T08:51:30.101Z",
  "products": ["YouTube"],
  "activityControls": ["YouTube watch history"]
},{
  "header": "YouTube",
  "title": "Watched Stranger Things 5 | Official Trailer | Netflix",
  "titleUrl": "https://www.youtube.com/watch?v\u003dPssKpzB0Ah0",
  "subtitles": [{
    "name": "Netflix",
    "url": "https://www.youtube.com/channel/UCWOA1ZGywLbqmigxE4Qlvuw"
  }],
  "time": "2025-11-01T08:43:39.248Z",
  "products": ["YouTube"],
  "activityControls": ["YouTube watch history"]
},{
  "header": "YouTube",
  "title": "Watched Head \u0026 Shoulders - Wassergymnastik 20s",
  "titleUrl": "https://www.youtube.com/watch?v\u003dB8HuSVTWhtM",
  "description": "Watched at 8:44 AM",
  "time": "2025-10-27T07:44:11.634Z",
  "products": ["YouTube"],
  "details": [{
    "name": "From Google Ads"
  }],
  "activityControls": ["Web \u0026 App Activity", "YouTube watch history", "YouTube search history"]
},{
  "header": "YouTube",
  "title": "Watched SEGMÜLLER TV Spot 100 Altea 16x9 20s",
  "titleUrl": "https://www.youtube.com/watch?v\u003dDdYsI9T1lU8",
  "description": "Watched at 8:43 AM",
  "time": "2025-10-27T07:43:51.261Z",
  "products": ["YouTube"],
  "details": [{
    "name": "From Google Ads"
  }],
  "activityControls": ["Web \u0026 App Activity", "YouTube watch history", "YouTube search history"]
},{
  "header": "YouTube",
  "title": "Watched The Housemaid (2025) Official Trailer – Sydney Sweeney, Amanda Seyfried, Brandon Sklenar",
  "titleUrl": "https://www.youtube.com/watch?v\u003d48CtX6OgU3s",
  "subtitles": [{
    "name": "Lionsgate Movies",
    "url": "https://www.youtube.com/channel/UCJ6nMHaJPZvsJ-HmUmj1SeA"
  }],
  "time": "2025-10-20T09:42:42.152Z",
  "products": ["YouTube"],
  "activityControls": ["YouTube watch history"]
},{
  "header": "YouTube",
  "title": "Watched Marty Supreme | Official Teaser HD | A24",
  "titleUrl": "https://www.youtube.com/watch?v\u003dPI6-qKhzTt8",
  "subtitles": [{
    "name": "A24",
    "url": "https://www.youtube.com/channel/UCuPivVjnfNo4mb3Oog_frZg"
  }],
  "time": "2025-10-20T09:41:28.723Z",
  "products": ["YouTube"],
  "activityControls": ["YouTube watch history"]
},{
  "header": "YouTube",
  "title": "Watched BLUE MOON | Official Trailer (2025)",
  "titleUrl": "https://www.youtube.com/watch?v\u003dqo7gRHip0lI",
  "subtitles": [{
    "name": "Sony Pictures Classics",
    "url": "https://www.youtube.com/channel/UCruD_lL-5fmllpKMSL-yCyQ"
  }],
  "time": "2025-10-20T09:39:24.442Z",
  "products": ["YouTube"],
  "activityControls": ["YouTube watch history"]
},{
  "header": "YouTube",
  "title": "Watched If I Had Legs I\u0027d Kick You | Official Trailer HD | A24",
  "titleUrl": "https://www.youtube.com/watch?v\u003dywFDoT7LBbQ",
  "subtitles": [{
    "name": "A24",
    "url": "https://www.youtube.com/channel/UCuPivVjnfNo4mb3Oog_frZg"
  }],
  "time": "2025-10-20T09:37:38.399Z",
  "products": ["YouTube"],
  "activityControls": ["YouTube watch history"]
},{
  "header": "YouTube",
  "title": "Watched Valerion VisionMaster Max | Präzise Farben. Tiefe Schwarztöne.",
  "titleUrl": "https://www.youtube.com/watch?v\u003dITWh3tsVYdw",
  "time": "2025-10-20T09:37:31.656Z",
  "products": ["YouTube"],
  "details": [{
    "name": "From Google Ads"
  }],
  "activityControls": ["Web \u0026 App Activity", "YouTube watch history"]
},{
  "header": "YouTube",
  "title": "Watched Please Don\u0027t Destroy - First Class ft. Bad Bunny - SNL",
  "titleUrl": "https://www.youtube.com/watch?v\u003dqCzWL9OPpwE",
  "subtitles": [{
    "name": "Saturday Night Live",
    "url": "https://www.youtube.com/channel/UCqFzWxSCi39LnW1JKFR3efg"
  }],
  "time": "2025-10-20T09:36:24.561Z",
  "products": ["YouTube"],
  "activityControls": ["YouTube watch history"]
},{
  "header": "YouTube",
  "title": "Watched McCain BornToShare - Vater \u0026 Sohn",
  "titleUrl": "https://www.youtube.com/watch?v\u003djz90GHnZgY8",
  "description": "Watched at 11:36 AM",
  "time": "2025-10-20T09:36:17.899Z",
  "products": ["YouTube"],
  "details": [{
    "name": "From Google Ads"
  }],
  "activityControls": ["Web \u0026 App Activity", "YouTube watch history", "YouTube search history"]
},{
  "header": "YouTube",
  "title": "Watched A HOUSE OF DYNAMITE | Official Trailer | Netflix",
  "titleUrl": "https://www.youtube.com/watch?v\u003d_wpw2QHJNco",
  "subtitles": [{
    "name": "Netflix",
    "url": "https://www.youtube.com/channel/UCWOA1ZGywLbqmigxE4Qlvuw"
  }],
  "time": "2025-10-17T15:06:45.130Z",
  "products": ["YouTube"],
  "activityControls": ["YouTube watch history"]
}]